abstract_i,abstract_j,cosine_similarity
0,1,0.058275
0,2,0.057419
0,3,0.099554
0,4,0.567695
1,2,0.983214
1,3,0.21174
1,4,0.034849
2,3,0.21802
2,4,0.04355
3,4,0.071983
