abstract_i,abstract_j,cosine_similarity
0,1,0.458571
0,2,0.393467
0,3,0.539813
1,2,0.222853
1,3,0.903282
2,3,0.200998
