abstract_i,abstract_j,cosine_similarity
0,1,0.251764
0,2,0.663774
0,3,0.628023
0,4,0.60393
0,5,0.739075
0,6,0.626089
1,2,0.277043
1,3,0.355905
1,4,0.302569
1,5,0.221145
1,6,0.306988
2,3,0.559963
2,4,0.567507
2,5,0.681099
2,6,0.597334
3,4,0.492887
3,5,0.536816
3,6,0.522038
4,5,0.54904
4,6,0.973589
5,6,0.549878
