abstract_i,abstract_j,cosine_similarity
0,1,0.538394
0,2,0.57973
0,3,0.550377
0,4,0.989478
0,5,0.55144
0,6,0.515795
1,2,0.743677
1,3,0.98314
1,4,0.523081
1,5,0.767191
1,6,0.765439
2,3,0.750736
2,4,0.577434
2,5,0.979511
2,6,0.6472
3,4,0.537807
3,5,0.777224
3,6,0.777064
4,5,0.546787
4,6,0.510313
5,6,0.694588
