abstract_i,abstract_j,cosine_similarity
0,1,0.482737
0,2,0.708565
0,3,0.450269
0,4,0.981888
0,5,0.369385
0,6,0.224517
1,2,0.413773
1,3,0.269245
1,4,0.479716
1,5,0.358352
1,6,0.166616
2,3,0.432554
2,4,0.721786
2,5,0.32056
2,6,0.210211
3,4,0.426222
3,5,0.60481
3,6,0.593266
4,5,0.337486
4,6,0.193981
5,6,0.531867
