abstract_i,abstract_j,cosine_similarity
0,1,0.024992
0,2,0.091612
0,3,0.110155
0,4,0.040631
0,5,0.165353
0,6,0.045449
1,2,0.196698
1,3,-0.048277
1,4,-0.069558
1,5,0.110574
1,6,-0.027871
2,3,0.132958
2,4,0.007423
2,5,0.148742
2,6,0.039412
3,4,0.006609
3,5,0.36021
3,6,0.006209
4,5,-0.034736
4,6,0.668194
5,6,-0.060421
