abstract_i,abstract_j,cosine_similarity
0,1,0.041175
0,2,0.268662
0,3,0.290623
0,4,0.21946
0,5,0.223264
1,2,0.074595
1,3,0.082
1,4,0.099854
1,5,0.010477
2,3,0.993653
2,4,0.951849
2,5,0.268544
3,4,0.95031
3,5,0.262139
4,5,0.194755
