abstract_i,abstract_j,cosine_similarity
0,1,0.352542
0,2,-0.104026
0,3,-0.06791
0,4,0.03928
0,5,-0.044392
0,6,0.03015
1,2,-0.015393
1,3,0.034785
1,4,-0.04028
1,5,0.021763
1,6,-0.019575
2,3,0.072578
2,4,0.000401
2,5,0.448944
2,6,0.018184
3,4,0.388694
3,5,0.09634
3,6,0.399607
4,5,0.052341
4,6,0.775826
5,6,0.080632
