abstract_i,abstract_j,cosine_similarity
0,1,0.34307
0,2,0.734321
0,3,0.296773
0,4,0.169122
0,5,0.22812
0,6,0.250659
0,7,0.411461
1,2,0.33396
1,3,0.293675
1,4,0.199181
1,5,0.505639
1,6,0.31303
1,7,0.360746
2,3,0.425463
2,4,0.277887
2,5,0.150579
2,6,0.357235
2,7,0.511817
3,4,0.601687
3,5,0.261174
3,6,0.477258
3,7,0.659069
4,5,0.090834
4,6,0.57895
4,7,0.462416
5,6,0.235385
5,7,0.236711
6,7,0.356699
