abstract_i,abstract_j,cosine_similarity
0,1,0.673553
0,2,0.296316
0,3,0.4288
0,4,0.680019
0,5,0.7106
0,6,0.393197
0,7,0.817714
1,2,0.302074
1,3,0.51534
1,4,0.529615
1,5,0.671168
1,6,0.499674
1,7,0.681244
2,3,0.584026
2,4,0.246229
2,5,0.309877
2,6,0.513359
2,7,0.368568
3,4,0.362675
3,5,0.503351
3,6,0.876916
3,7,0.475966
4,5,0.676326
4,6,0.335174
4,7,0.641534
5,6,0.449365
5,7,0.694408
6,7,0.439129
