abstract_i,abstract_j,cosine_similarity
0,1,0.79337
0,2,0.181001
0,3,0.156416
1,2,0.194018
1,3,0.168134
2,3,0.532088
