abstract_i,abstract_j,cosine_similarity
0,1,0.334191
0,2,0.280975
0,3,0.247309
0,4,0.234758
1,2,0.912936
1,3,0.20936
1,4,0.504084
2,3,0.159678
2,4,0.458263
3,4,0.146316
