abstract_i,abstract_j,cosine_similarity
0,1,0.326103
0,2,0.450009
0,3,0.32706
0,4,0.333191
1,2,0.377725
1,3,0.245356
1,4,0.348718
2,3,0.451063
2,4,0.706323
3,4,0.398694
