abstract_i,abstract_j,cosine_similarity
0,1,0.030559
0,2,0.624709
0,3,-0.041223
0,4,0.113456
1,2,0.146661
1,3,0.527948
1,4,0.651497
2,3,-0.028037
2,4,0.127471
3,4,0.621769
