abstract_i,abstract_j,cosine_similarity
0,1,0.101921
0,2,0.163472
0,3,0.023067
1,2,0.046384
1,3,-0.072465
2,3,0.133248
