abstract_i,abstract_j,cosine_similarity
0,1,0.528158
0,2,0.395727
0,3,0.069827
0,4,-0.037375
1,2,0.524473
1,3,0.112386
1,4,0.023363
2,3,0.032777
2,4,0.041275
3,4,0.079192
