abstract_i,abstract_j,cosine_similarity
0,1,0.170364
0,2,0.20671
0,3,0.193199
0,4,0.640145
0,5,0.854229
1,2,0.178317
1,3,0.128177
1,4,0.194621
1,5,0.162712
2,3,0.807543
2,4,0.21757
2,5,0.178187
3,4,0.213418
3,5,0.169149
4,5,0.794741
