abstract_i,abstract_j,cosine_similarity
0,1,0.716981
0,2,0.145568
0,3,0.444814
0,4,0.562261
0,5,0.354224
0,6,0.413053
0,7,0.472392
1,2,0.10154
1,3,0.515643
1,4,0.514288
1,5,0.384543
1,6,0.529975
1,7,0.376152
2,3,0.201618
2,4,0.169959
2,5,0.20615
2,6,0.19859
2,7,0.325881
3,4,0.346192
3,5,0.745964
3,6,0.770338
3,7,0.293727
4,5,0.32773
4,6,0.335237
4,7,0.444187
5,6,0.666972
5,7,0.3412
6,7,0.346026
