abstract_i,abstract_j,cosine_similarity
0,1,0.876697
0,2,0.054074
0,3,0.116893
0,4,0.012941
0,5,0.036241
1,2,0.057324
1,3,0.119693
1,4,0.056851
1,5,-0.01959
2,3,0.435305
2,4,0.664952
2,5,0.749135
3,4,0.422794
3,5,0.319484
4,5,0.42445
