abstract_i,abstract_j,cosine_similarity
0,1,0.521775
0,2,0.685652
0,3,0.606412
1,2,0.563608
1,3,0.564036
2,3,0.753139
