abstract_i,abstract_j,cosine_similarity
0,1,0.589364
0,2,0.681778
0,3,0.706989
0,4,0.786735
0,5,0.672506
0,6,0.415613
1,2,0.64573
1,3,0.633106
1,4,0.591237
1,5,0.640869
1,6,0.319033
2,3,0.771348
2,4,0.743856
2,5,0.764157
2,6,0.403231
3,4,0.788387
3,5,0.874601
3,6,0.449364
4,5,0.689459
4,6,0.524915
5,6,0.464574
