abstract_i,abstract_j,cosine_similarity
0,1,0.545057
0,2,0.688542
0,3,0.307602
0,4,0.798189
0,5,0.264811
0,6,-0.032707
0,7,0.145929
1,2,0.607945
1,3,0.402903
1,4,0.439018
1,5,0.432639
1,6,-0.054187
1,7,0.148104
2,3,0.255781
2,4,0.612474
2,5,0.585786
2,6,-0.066925
2,7,0.084749
3,4,0.174227
3,5,0.31643
3,6,-0.049615
3,7,0.314617
4,5,0.296154
4,6,-0.002862
4,7,0.069447
5,6,-0.106914
5,7,0.064005
6,7,-0.005745
