abstract_i,abstract_j,cosine_similarity
0,1,0.516773
0,2,0.67916
0,3,0.648785
0,4,0.566288
0,5,0.647624
0,6,0.535953
0,7,0.665765
1,2,0.403749
1,3,0.25622
1,4,0.315443
1,5,0.308581
1,6,0.354203
1,7,0.41461
2,3,0.66704
2,4,0.608357
2,5,0.724357
2,6,0.372685
2,7,0.749497
3,4,0.712067
3,5,0.732137
3,6,0.362083
3,7,0.522143
4,5,0.482548
4,6,0.360513
4,7,0.495229
5,6,0.278311
5,7,0.493373
6,7,0.501144
