abstract_i,abstract_j,cosine_similarity
0,1,0.331645
0,2,0.417013
0,3,0.656665
0,4,0.1817
0,5,0.769791
0,6,0.685432
0,7,0.802234
1,2,0.173727
1,3,0.579703
1,4,0.167256
1,5,0.32793
1,6,0.406398
1,7,0.298266
2,3,0.351296
2,4,0.377153
2,5,0.379168
2,6,0.407097
2,7,0.501903
3,4,0.130224
3,5,0.592508
3,6,0.665984
3,7,0.710313
4,5,0.198799
4,6,0.206275
4,7,0.105932
5,6,0.684678
5,7,0.695042
6,7,0.59611
