abstract_i,abstract_j,cosine_similarity
0,1,0.632408
0,2,0.767264
0,3,0.919312
0,4,0.82281
0,5,0.974761
0,6,0.920211
0,7,0.82501
1,2,0.589403
1,3,0.603046
1,4,0.627958
1,5,0.639062
1,6,0.606644
1,7,0.638092
2,3,0.812638
2,4,0.791685
2,5,0.754087
2,6,0.813485
2,7,0.792561
3,4,0.868703
3,5,0.907886
3,6,0.996964
3,7,0.869074
4,5,0.820348
4,6,0.870667
4,7,0.995906
5,6,0.906327
5,7,0.816885
6,7,0.872736
