abstract_i,abstract_j,cosine_similarity
0,1,0.370591
0,2,0.638161
0,3,0.756278
0,4,0.756918
0,5,0.585249
0,6,0.496478
1,2,0.474737
1,3,0.375316
1,4,0.377582
1,5,0.355264
1,6,0.319679
2,3,0.868591
2,4,0.567727
2,5,0.661749
2,6,0.614485
3,4,0.668668
3,5,0.742043
3,6,0.596976
4,5,0.615557
4,6,0.412694
5,6,0.527495
