abstract_i,abstract_j,cosine_similarity
0,1,0.105072
0,2,0.047194
0,3,-0.028536
0,4,0.269627
0,5,0.049195
0,6,0.05277
0,7,-0.005078
1,2,0.765855
1,3,0.01902
1,4,0.229062
1,5,0.651676
1,6,0.556351
1,7,0.461194
2,3,0.013155
2,4,0.121796
2,5,0.868709
2,6,0.636733
2,7,0.47478
3,4,0.040103
3,5,0.039558
3,6,0.031177
3,7,0.071515
4,5,0.154601
4,6,0.272922
4,7,0.15977
5,6,0.63137
5,7,0.513766
6,7,0.645284
