abstract_i,abstract_j,cosine_similarity
0,1,0.106567
0,2,0.05243
0,3,0.071134
0,4,0.026846
0,5,0.053388
0,6,0.66244
0,7,0.05587
1,2,-0.040252
1,3,-0.055462
1,4,-0.037058
1,5,-0.031238
1,6,0.149315
1,7,-0.047785
2,3,0.128075
2,4,0.782931
2,5,0.173086
2,6,0.041319
2,7,0.961657
3,4,0.129076
3,5,0.808677
3,6,0.012409
3,7,0.125059
4,5,0.199496
4,6,0.053647
4,7,0.766394
5,6,0.042656
5,7,0.161682
6,7,0.065825
