abstract_i,abstract_j,cosine_similarity
0,1,0.534923
0,2,0.549948
0,3,0.553599
0,4,0.527752
1,2,0.765572
1,3,0.558448
1,4,0.776462
2,3,0.523909
2,4,0.853039
3,4,0.506085
