abstract_i,abstract_j,cosine_similarity
0,1,0.671552
0,2,0.14209
0,3,0.923636
1,2,0.088302
1,3,0.68522
2,3,0.113743
