abstract_i,abstract_j,cosine_similarity
0,1,0.249301
0,2,0.330774
0,3,0.991892
1,2,0.436604
1,3,0.248952
2,3,0.331118
