abstract_i,abstract_j,cosine_similarity
0,1,0.622973
0,2,0.640007
0,3,0.778409
0,4,0.505225
0,5,0.683166
0,6,0.711701
1,2,0.934603
1,3,0.757416
1,4,0.362902
1,5,0.425066
1,6,0.433223
2,3,0.770868
2,4,0.386845
2,5,0.418095
2,6,0.46479
3,4,0.506162
3,5,0.61715
3,6,0.662141
4,5,0.462148
4,6,0.547502
5,6,0.768784
