abstract_i,abstract_j,cosine_similarity
0,1,0.48077
0,2,0.677464
0,3,0.499122
1,2,0.409377
1,3,0.48639
2,3,0.512373
