abstract_i,abstract_j,cosine_similarity
0,1,0.786088
0,2,0.711079
0,3,0.621247
1,2,0.607627
1,3,0.719829
2,3,0.600489
