abstract_i,abstract_j,cosine_similarity
0,1,0.879922
0,2,0.796142
0,3,0.827794
0,4,0.875931
0,5,0.797634
1,2,0.70935
1,3,0.801644
1,4,0.807228
1,5,0.699628
2,3,0.815966
2,4,0.779873
2,5,0.866354
3,4,0.759816
3,5,0.756607
4,5,0.767427
