abstract_i,abstract_j,cosine_similarity
0,1,0.343573
0,2,0.18342
0,3,0.011151
0,4,0.201364
0,5,0.548957
1,2,0.487448
1,3,-0.015666
1,4,0.242126
1,5,0.220835
2,3,-0.054484
2,4,-0.009163
2,5,0.167324
3,4,0.407553
3,5,0.075339
4,5,0.277003
