abstract_i,abstract_j,cosine_similarity
0,1,0.785193
0,2,0.609978
0,3,0.462965
0,4,0.70369
0,5,0.647606
0,6,0.500036
0,7,0.733841
1,2,0.701583
1,3,0.470672
1,4,0.639615
1,5,0.729747
1,6,0.435699
1,7,0.841163
2,3,0.505472
2,4,0.567077
2,5,0.736843
2,6,0.461648
2,7,0.594645
3,4,0.417236
3,5,0.55057
3,6,0.707834
3,7,0.451231
4,5,0.582555
4,6,0.437448
4,7,0.616123
5,6,0.508224
5,7,0.626733
6,7,0.391986
