abstract_i,abstract_j,cosine_similarity
0,1,0.129271
0,2,0.305363
0,3,0.192868
1,2,0.759171
1,3,0.181471
2,3,0.222591
