abstract_i,abstract_j,cosine_similarity
0,1,0.775899
0,2,0.851131
0,3,0.615333
0,4,0.633211
1,2,0.716647
1,3,0.548312
1,4,0.639852
2,3,0.54857
2,4,0.616479
3,4,0.65451
