abstract_i,abstract_j,cosine_similarity
0,1,0.75649
0,2,0.577653
0,3,0.714732
0,4,0.010576
0,5,-0.011942
0,6,0.473766
1,2,0.603263
1,3,0.670399
1,4,0.003859
1,5,0.028848
1,6,0.523202
2,3,0.470267
2,4,-0.094446
2,5,0.010073
2,6,0.393664
3,4,-0.012878
3,5,-0.002538
3,6,0.524475
4,5,0.25415
4,6,-0.019606
5,6,0.0137
