abstract_i,abstract_j,cosine_similarity
0,1,0.00917
0,2,0.156563
0,3,0.295705
1,2,0.050314
1,3,-0.07503
2,3,0.298727
