abstract_i,abstract_j,cosine_similarity
0,1,0.319052
0,2,0.894381
0,3,0.012056
0,4,0.599876
0,5,0.006945
0,6,0.619815
1,2,0.344813
1,3,0.103158
1,4,0.206079
1,5,-0.028294
1,6,0.253992
2,3,0.034009
2,4,0.665756
2,5,-0.014633
2,6,0.729925
3,4,0.077894
3,5,-0.08004
3,6,0.032529
4,5,-0.041459
4,6,0.483458
5,6,-0.013282
