abstract_i,abstract_j,cosine_similarity
0,1,0.160517
0,2,0.52529
0,3,0.988561
1,2,0.169694
1,3,0.156139
2,3,0.526026
